{
    "rmse": 0.6843715931681315,
    "mae": 0.5492749641875405,
    "r2": 0.2405849633085274
}