{
    "rmse": 0.7540469386918641,
    "mae": 0.59032668331944,
    "r2": 0.24172631198090022
}